repo_name,file_path,file_html,class_name,me_name,me_code,old_code,new_code,bool_code,chatGPT_code,if_correct,reversed_code,non_replace_var_refactored_code,refactored_code,acc,instruction,sys_msg,exam_msg,user_msg
PyBoy,/data1/zhangzejun/mnt/zejun/smp/data/python_star_2000repo/PyBoy/pyboy/plugins/debug.py,https://github.com/Baekalfen/PyBoy/tree/master/pyboy/plugins/debug.py,BaseDebugWindow,mark_tile$426,"def mark_tile(self, x, y, color, height, width, grid):
        tw = width # Tile width
        th = height # Tile height
        if grid:
            xx = x - (x%tw)
            yy = y - (y%th)
        else:
            xx = x
            yy = y
        for i in range(th):
            if 0 <= (yy + i) < self.height and 0 <= xx < self.width:
                self.buf0[yy + i][xx] = color
        for i in range(tw):
            if 0 <= (yy) < self.height and 0 <= xx + i < self.width:
                self.buf0[yy][xx + i] = color
        for i in range(tw):
            if 0 <= (yy + th - 1) < self.height and 0 <= xx + i < self.width:
                self.buf0[yy + th - 1][xx + i] = color
        for i in range(th):
            if 0 <= (yy + i) < self.height and 0 <= xx + tw - 1 < self.width:
                self.buf0[yy + i][xx + tw - 1] = color",0 <= yy + i < self.height and 0 <= xx < self.width,self.height > yy + i >= 0 <= xx < self.width,0 <= yy + i < self.height and 0 <= xx < self.width,"symbols:
v1: 0
v2: yy + i
v3: self.height
v4: xx
v5: self.width

New Python code: v1 <= v2 < v3 and v1 <= v4 < v5",0,v1 <= v4 < v5 and v1 <= v2 < v3,Cannot be refactored by chain comparison,Cannot be refactored by chain comparison,0,"
For the following Python code, whether it is a simple or compound comparison operand, you use only one symbol v to represent. And the same comparison operands must be represented by the same symbol. Please do not change other code.

Python code:
0 <= yy + i < self.height and 0 <= xx < self.width
",You are a helpful assistant.,"
For the following Python code, whether it is a simple or compound comparison operand, you use only one symbol v to represent. And the same comparison operands must be represented by the same symbol. Please do not change other code.

Python code:
a > 1 and c.b is None and a < d + e < c.b[0] + d and d is not None and (c.func(x) or e.b[0] == 1) and d % e > 1

******ASSISTANT******

symbols:
v1: a
v2: 1
v3: c.b
v4: None
v5: d + e
v6: c.b[0] + d
v7: d
v8: c.func(x)
v9: e.b[0]
v10: d % e

New Python code: v1 > v2 and v3 is v4 and v1 < v5 < v6 and v7 is not v4 and (v8 or v9 == v2) and v10 > v2
","
For the following Python code, whether it is a simple or compound comparison operand, you use only one symbol v to represent. And the same comparison operands must be represented by the same symbol. Please do not change other code.

Python code:
0 <= yy + i < self.height and 0 <= xx < self.width
"
PyBoy,/data1/zhangzejun/mnt/zejun/smp/data/python_star_2000repo/PyBoy/pyboy/plugins/debug.py,https://github.com/Baekalfen/PyBoy/tree/master/pyboy/plugins/debug.py,BaseDebugWindow,mark_tile$426,"def mark_tile(self, x, y, color, height, width, grid):
        tw = width # Tile width
        th = height # Tile height
        if grid:
            xx = x - (x%tw)
            yy = y - (y%th)
        else:
            xx = x
            yy = y
        for i in range(th):
            if 0 <= (yy + i) < self.height and 0 <= xx < self.width:
                self.buf0[yy + i][xx] = color
        for i in range(tw):
            if 0 <= (yy) < self.height and 0 <= xx + i < self.width:
                self.buf0[yy][xx + i] = color
        for i in range(tw):
            if 0 <= (yy + th - 1) < self.height and 0 <= xx + i < self.width:
                self.buf0[yy + th - 1][xx + i] = color
        for i in range(th):
            if 0 <= (yy + i) < self.height and 0 <= xx + tw - 1 < self.width:
                self.buf0[yy + i][xx + tw - 1] = color",0 <= yy + i < self.height and 0 <= xx < self.width,self.height > yy + i >= 0 <= xx < self.width,0 <= yy < self.height and 0 <= xx + i < self.width,"symbols:
v1: 0
v2: yy
v3: self.height
v4: xx
v5: i
v6: self.width

New Python code: v1 <= v2 < v3 and v1 <= v4 + v5 < v6",0,"Answer: No
Information: There are no two comparison operations that have the same comparison operand.",Cannot be refactored by chain comparison,None is not posts_count < amount,1,"
For the following Python code, whether it is a simple or compound comparison operand, you use only one symbol v to represent. And the same comparison operands must be represented by the same symbol. Please do not change other code.

Python code:
0 <= yy < self.height and 0 <= xx + i < self.width
",You are a helpful assistant.,"
For the following Python code, whether it is a simple or compound comparison operand, you use only one symbol v to represent. And the same comparison operands must be represented by the same symbol. Please do not change other code.

Python code:
a > 1 and c.b is None and a < d + e < c.b[0] + d and d is not None and (c.func(x) or e.b[0] == 1) and d % e > 1

******ASSISTANT******

symbols:
v1: a
v2: 1
v3: c.b
v4: None
v5: d + e
v6: c.b[0] + d
v7: d
v8: c.func(x)
v9: e.b[0]
v10: d % e

New Python code: v1 > v2 and v3 is v4 and v1 < v5 < v6 and v7 is not v4 and (v8 or v9 == v2) and v10 > v2
","
For the following Python code, whether it is a simple or compound comparison operand, you use only one symbol v to represent. And the same comparison operands must be represented by the same symbol. Please do not change other code.

Python code:
0 <= yy < self.height and 0 <= xx + i < self.width
"
PyBoy,/data1/zhangzejun/mnt/zejun/smp/data/python_star_2000repo/PyBoy/pyboy/plugins/debug.py,https://github.com/Baekalfen/PyBoy/tree/master/pyboy/plugins/debug.py,BaseDebugWindow,mark_tile$426,"def mark_tile(self, x, y, color, height, width, grid):
        tw = width # Tile width
        th = height # Tile height
        if grid:
            xx = x - (x%tw)
            yy = y - (y%th)
        else:
            xx = x
            yy = y
        for i in range(th):
            if 0 <= (yy + i) < self.height and 0 <= xx < self.width:
                self.buf0[yy + i][xx] = color
        for i in range(tw):
            if 0 <= (yy) < self.height and 0 <= xx + i < self.width:
                self.buf0[yy][xx + i] = color
        for i in range(tw):
            if 0 <= (yy + th - 1) < self.height and 0 <= xx + i < self.width:
                self.buf0[yy + th - 1][xx + i] = color
        for i in range(th):
            if 0 <= (yy + i) < self.height and 0 <= xx + tw - 1 < self.width:
                self.buf0[yy + i][xx + tw - 1] = color",0 <= yy + i < self.height and 0 <= xx < self.width,self.height > yy + i >= 0 <= xx < self.width,0 <= yy + th - 1 < self.height and 0 <= xx + i < self.width,"symbols:
v1: 0
v2: yy
v3: th
v4: 1
v5: self.height
v6: xx
v7: i
v8: self.width

New Python code: v1 <= v2 + v3 - v4 < v5 and v1 <= v6 + v7 < v8",0,"Answer: No
Information: There are no two comparison operations that have the same comparison operand.",Cannot be refactored by chain comparison,Cannot be refactored by chain comparison,1,"
For the following Python code, whether it is a simple or compound comparison operand, you use only one symbol v to represent. And the same comparison operands must be represented by the same symbol. Please do not change other code.

Python code:
0 <= yy + th - 1 < self.height and 0 <= xx + i < self.width
",You are a helpful assistant.,"
For the following Python code, whether it is a simple or compound comparison operand, you use only one symbol v to represent. And the same comparison operands must be represented by the same symbol. Please do not change other code.

Python code:
a > 1 and c.b is None and a < d + e < c.b[0] + d and d is not None and (c.func(x) or e.b[0] == 1) and d % e > 1

******ASSISTANT******

symbols:
v1: a
v2: 1
v3: c.b
v4: None
v5: d + e
v6: c.b[0] + d
v7: d
v8: c.func(x)
v9: e.b[0]
v10: d % e

New Python code: v1 > v2 and v3 is v4 and v1 < v5 < v6 and v7 is not v4 and (v8 or v9 == v2) and v10 > v2
","
For the following Python code, whether it is a simple or compound comparison operand, you use only one symbol v to represent. And the same comparison operands must be represented by the same symbol. Please do not change other code.

Python code:
0 <= yy + th - 1 < self.height and 0 <= xx + i < self.width
"
PyBoy,/data1/zhangzejun/mnt/zejun/smp/data/python_star_2000repo/PyBoy/pyboy/plugins/debug.py,https://github.com/Baekalfen/PyBoy/tree/master/pyboy/plugins/debug.py,BaseDebugWindow,mark_tile$426,"def mark_tile(self, x, y, color, height, width, grid):
        tw = width # Tile width
        th = height # Tile height
        if grid:
            xx = x - (x%tw)
            yy = y - (y%th)
        else:
            xx = x
            yy = y
        for i in range(th):
            if 0 <= (yy + i) < self.height and 0 <= xx < self.width:
                self.buf0[yy + i][xx] = color
        for i in range(tw):
            if 0 <= (yy) < self.height and 0 <= xx + i < self.width:
                self.buf0[yy][xx + i] = color
        for i in range(tw):
            if 0 <= (yy + th - 1) < self.height and 0 <= xx + i < self.width:
                self.buf0[yy + th - 1][xx + i] = color
        for i in range(th):
            if 0 <= (yy + i) < self.height and 0 <= xx + tw - 1 < self.width:
                self.buf0[yy + i][xx + tw - 1] = color",0 <= yy + i < self.height and 0 <= xx < self.width,self.height > yy + i >= 0 <= xx < self.width,0 <= yy + i < self.height and 0 <= xx + tw - 1 < self.width,"symbols:
v1: 0
v2: yy + i
v3: self.height
v4: xx + tw - 1
v5: self.width

New Python code: v1 <= v2 < v3 and v1 <= v4 < v5",0,v1 <= v4 < v5 and v1 <= v2 < v3,Cannot be refactored by chain comparison,len(sf.elements) == 1 == 'beam',1,"
For the following Python code, whether it is a simple or compound comparison operand, you use only one symbol v to represent. And the same comparison operands must be represented by the same symbol. Please do not change other code.

Python code:
0 <= yy + i < self.height and 0 <= xx + tw - 1 < self.width
",You are a helpful assistant.,"
For the following Python code, whether it is a simple or compound comparison operand, you use only one symbol v to represent. And the same comparison operands must be represented by the same symbol. Please do not change other code.

Python code:
a > 1 and c.b is None and a < d + e < c.b[0] + d and d is not None and (c.func(x) or e.b[0] == 1) and d % e > 1

******ASSISTANT******

symbols:
v1: a
v2: 1
v3: c.b
v4: None
v5: d + e
v6: c.b[0] + d
v7: d
v8: c.func(x)
v9: e.b[0]
v10: d % e

New Python code: v1 > v2 and v3 is v4 and v1 < v5 < v6 and v7 is not v4 and (v8 or v9 == v2) and v10 > v2
","
For the following Python code, whether it is a simple or compound comparison operand, you use only one symbol v to represent. And the same comparison operands must be represented by the same symbol. Please do not change other code.

Python code:
0 <= yy + i < self.height and 0 <= xx + tw - 1 < self.width
"
PyBoy,/data1/zhangzejun/mnt/zejun/smp/data/python_star_2000repo/PyBoy/pyboy/plugins/debug.py,https://github.com/Baekalfen/PyBoy/tree/master/pyboy/plugins/debug.py,BaseDebugWindow,mark_tile$426,"def mark_tile(self, x, y, color, height, width, grid):
        tw = width # Tile width
        th = height # Tile height
        if grid:
            xx = x - (x%tw)
            yy = y - (y%th)
        else:
            xx = x
            yy = y
        for i in range(th):
            if 0 <= (yy + i) < self.height and 0 <= xx < self.width:
                self.buf0[yy + i][xx] = color
        for i in range(tw):
            if 0 <= (yy) < self.height and 0 <= xx + i < self.width:
                self.buf0[yy][xx + i] = color
        for i in range(tw):
            if 0 <= (yy + th - 1) < self.height and 0 <= xx + i < self.width:
                self.buf0[yy + th - 1][xx + i] = color
        for i in range(th):
            if 0 <= (yy + i) < self.height and 0 <= xx + tw - 1 < self.width:
                self.buf0[yy + i][xx + tw - 1] = color",0 <= yy < self.height and 0 <= xx + i < self.width,self.height > yy >= 0 <= xx + i < self.width,0 <= yy + i < self.height and 0 <= xx < self.width,"symbols:
v1: 0
v2: yy + i
v3: self.height
v4: xx
v5: self.width

New Python code: v1 <= v2 < v3 and v1 <= v4 < v5",0,v1 <= v4 < v5 and v1 <= v2 < v3,Cannot be refactored by chain comparison,Cannot be refactored by chain comparison,1,"
For the following Python code, whether it is a simple or compound comparison operand, you use only one symbol v to represent. And the same comparison operands must be represented by the same symbol. Please do not change other code.

Python code:
0 <= yy + i < self.height and 0 <= xx < self.width
",You are a helpful assistant.,"
For the following Python code, whether it is a simple or compound comparison operand, you use only one symbol v to represent. And the same comparison operands must be represented by the same symbol. Please do not change other code.

Python code:
a > 1 and c.b is None and a < d + e < c.b[0] + d and d is not None and (c.func(x) or e.b[0] == 1) and d % e > 1

******ASSISTANT******

symbols:
v1: a
v2: 1
v3: c.b
v4: None
v5: d + e
v6: c.b[0] + d
v7: d
v8: c.func(x)
v9: e.b[0]
v10: d % e

New Python code: v1 > v2 and v3 is v4 and v1 < v5 < v6 and v7 is not v4 and (v8 or v9 == v2) and v10 > v2
","
For the following Python code, whether it is a simple or compound comparison operand, you use only one symbol v to represent. And the same comparison operands must be represented by the same symbol. Please do not change other code.

Python code:
0 <= yy + i < self.height and 0 <= xx < self.width
"
PyBoy,/data1/zhangzejun/mnt/zejun/smp/data/python_star_2000repo/PyBoy/pyboy/plugins/debug.py,https://github.com/Baekalfen/PyBoy/tree/master/pyboy/plugins/debug.py,BaseDebugWindow,mark_tile$426,"def mark_tile(self, x, y, color, height, width, grid):
        tw = width # Tile width
        th = height # Tile height
        if grid:
            xx = x - (x%tw)
            yy = y - (y%th)
        else:
            xx = x
            yy = y
        for i in range(th):
            if 0 <= (yy + i) < self.height and 0 <= xx < self.width:
                self.buf0[yy + i][xx] = color
        for i in range(tw):
            if 0 <= (yy) < self.height and 0 <= xx + i < self.width:
                self.buf0[yy][xx + i] = color
        for i in range(tw):
            if 0 <= (yy + th - 1) < self.height and 0 <= xx + i < self.width:
                self.buf0[yy + th - 1][xx + i] = color
        for i in range(th):
            if 0 <= (yy + i) < self.height and 0 <= xx + tw - 1 < self.width:
                self.buf0[yy + i][xx + tw - 1] = color",0 <= yy < self.height and 0 <= xx + i < self.width,self.height > yy >= 0 <= xx + i < self.width,0 <= yy < self.height and 0 <= xx + i < self.width,"symbols:
v1: 0
v2: yy
v3: self.height
v4: xx
v5: i
v6: self.width

New Python code: v1 <= v2 < v3 and v1 <= v4 + v5 < v6",0,"Answer: No
Information: There are no two comparison operations that have the same comparison operand.",Cannot be refactored by chain comparison,cur_iter % log_period == 0 < cur_iter,0,"
For the following Python code, whether it is a simple or compound comparison operand, you use only one symbol v to represent. And the same comparison operands must be represented by the same symbol. Please do not change other code.

Python code:
0 <= yy < self.height and 0 <= xx + i < self.width
",You are a helpful assistant.,"
For the following Python code, whether it is a simple or compound comparison operand, you use only one symbol v to represent. And the same comparison operands must be represented by the same symbol. Please do not change other code.

Python code:
a > 1 and c.b is None and a < d + e < c.b[0] + d and d is not None and (c.func(x) or e.b[0] == 1) and d % e > 1

******ASSISTANT******

symbols:
v1: a
v2: 1
v3: c.b
v4: None
v5: d + e
v6: c.b[0] + d
v7: d
v8: c.func(x)
v9: e.b[0]
v10: d % e

New Python code: v1 > v2 and v3 is v4 and v1 < v5 < v6 and v7 is not v4 and (v8 or v9 == v2) and v10 > v2
","
For the following Python code, whether it is a simple or compound comparison operand, you use only one symbol v to represent. And the same comparison operands must be represented by the same symbol. Please do not change other code.

Python code:
0 <= yy < self.height and 0 <= xx + i < self.width
"
PyBoy,/data1/zhangzejun/mnt/zejun/smp/data/python_star_2000repo/PyBoy/pyboy/plugins/debug.py,https://github.com/Baekalfen/PyBoy/tree/master/pyboy/plugins/debug.py,BaseDebugWindow,mark_tile$426,"def mark_tile(self, x, y, color, height, width, grid):
        tw = width # Tile width
        th = height # Tile height
        if grid:
            xx = x - (x%tw)
            yy = y - (y%th)
        else:
            xx = x
            yy = y
        for i in range(th):
            if 0 <= (yy + i) < self.height and 0 <= xx < self.width:
                self.buf0[yy + i][xx] = color
        for i in range(tw):
            if 0 <= (yy) < self.height and 0 <= xx + i < self.width:
                self.buf0[yy][xx + i] = color
        for i in range(tw):
            if 0 <= (yy + th - 1) < self.height and 0 <= xx + i < self.width:
                self.buf0[yy + th - 1][xx + i] = color
        for i in range(th):
            if 0 <= (yy + i) < self.height and 0 <= xx + tw - 1 < self.width:
                self.buf0[yy + i][xx + tw - 1] = color",0 <= yy < self.height and 0 <= xx + i < self.width,self.height > yy >= 0 <= xx + i < self.width,0 <= yy + th - 1 < self.height and 0 <= xx + i < self.width,"symbols:
v1: 0
v2: yy
v3: th
v4: 1
v5: self.height
v6: xx
v7: i
v8: self.width

New Python code: v1 <= v2 + v3 - v4 < v5 and v1 <= v6 + v7 < v8",0,"Answer: No
Information: There are no two comparison operations that have the same comparison operand.",Cannot be refactored by chain comparison,None is not db_expire < time.time(),1,"
For the following Python code, whether it is a simple or compound comparison operand, you use only one symbol v to represent. And the same comparison operands must be represented by the same symbol. Please do not change other code.

Python code:
0 <= yy + th - 1 < self.height and 0 <= xx + i < self.width
",You are a helpful assistant.,"
For the following Python code, whether it is a simple or compound comparison operand, you use only one symbol v to represent. And the same comparison operands must be represented by the same symbol. Please do not change other code.

Python code:
a > 1 and c.b is None and a < d + e < c.b[0] + d and d is not None and (c.func(x) or e.b[0] == 1) and d % e > 1

******ASSISTANT******

symbols:
v1: a
v2: 1
v3: c.b
v4: None
v5: d + e
v6: c.b[0] + d
v7: d
v8: c.func(x)
v9: e.b[0]
v10: d % e

New Python code: v1 > v2 and v3 is v4 and v1 < v5 < v6 and v7 is not v4 and (v8 or v9 == v2) and v10 > v2
","
For the following Python code, whether it is a simple or compound comparison operand, you use only one symbol v to represent. And the same comparison operands must be represented by the same symbol. Please do not change other code.

Python code:
0 <= yy + th - 1 < self.height and 0 <= xx + i < self.width
"
PyBoy,/data1/zhangzejun/mnt/zejun/smp/data/python_star_2000repo/PyBoy/pyboy/plugins/debug.py,https://github.com/Baekalfen/PyBoy/tree/master/pyboy/plugins/debug.py,BaseDebugWindow,mark_tile$426,"def mark_tile(self, x, y, color, height, width, grid):
        tw = width # Tile width
        th = height # Tile height
        if grid:
            xx = x - (x%tw)
            yy = y - (y%th)
        else:
            xx = x
            yy = y
        for i in range(th):
            if 0 <= (yy + i) < self.height and 0 <= xx < self.width:
                self.buf0[yy + i][xx] = color
        for i in range(tw):
            if 0 <= (yy) < self.height and 0 <= xx + i < self.width:
                self.buf0[yy][xx + i] = color
        for i in range(tw):
            if 0 <= (yy + th - 1) < self.height and 0 <= xx + i < self.width:
                self.buf0[yy + th - 1][xx + i] = color
        for i in range(th):
            if 0 <= (yy + i) < self.height and 0 <= xx + tw - 1 < self.width:
                self.buf0[yy + i][xx + tw - 1] = color",0 <= yy < self.height and 0 <= xx + i < self.width,self.height > yy >= 0 <= xx + i < self.width,0 <= yy + i < self.height and 0 <= xx + tw - 1 < self.width,"symbols:
v1: 0
v2: yy + i
v3: self.height
v4: xx + tw - 1
v5: self.width

New Python code: v1 <= v2 < v3 and v1 <= v4 < v5",0,v1 <= v4 < v5 and v1 <= v2 < v3,Cannot be refactored by chain comparison,"0 < CompareBigEndian(s_val, max_mod_half_order) <= CompareBigEndian(s_val, [0])",1,"
For the following Python code, whether it is a simple or compound comparison operand, you use only one symbol v to represent. And the same comparison operands must be represented by the same symbol. Please do not change other code.

Python code:
0 <= yy + i < self.height and 0 <= xx + tw - 1 < self.width
",You are a helpful assistant.,"
For the following Python code, whether it is a simple or compound comparison operand, you use only one symbol v to represent. And the same comparison operands must be represented by the same symbol. Please do not change other code.

Python code:
a > 1 and c.b is None and a < d + e < c.b[0] + d and d is not None and (c.func(x) or e.b[0] == 1) and d % e > 1

******ASSISTANT******

symbols:
v1: a
v2: 1
v3: c.b
v4: None
v5: d + e
v6: c.b[0] + d
v7: d
v8: c.func(x)
v9: e.b[0]
v10: d % e

New Python code: v1 > v2 and v3 is v4 and v1 < v5 < v6 and v7 is not v4 and (v8 or v9 == v2) and v10 > v2
","
For the following Python code, whether it is a simple or compound comparison operand, you use only one symbol v to represent. And the same comparison operands must be represented by the same symbol. Please do not change other code.

Python code:
0 <= yy + i < self.height and 0 <= xx + tw - 1 < self.width
"
PyBoy,/data1/zhangzejun/mnt/zejun/smp/data/python_star_2000repo/PyBoy/pyboy/plugins/debug.py,https://github.com/Baekalfen/PyBoy/tree/master/pyboy/plugins/debug.py,BaseDebugWindow,mark_tile$426,"def mark_tile(self, x, y, color, height, width, grid):
        tw = width # Tile width
        th = height # Tile height
        if grid:
            xx = x - (x%tw)
            yy = y - (y%th)
        else:
            xx = x
            yy = y
        for i in range(th):
            if 0 <= (yy + i) < self.height and 0 <= xx < self.width:
                self.buf0[yy + i][xx] = color
        for i in range(tw):
            if 0 <= (yy) < self.height and 0 <= xx + i < self.width:
                self.buf0[yy][xx + i] = color
        for i in range(tw):
            if 0 <= (yy + th - 1) < self.height and 0 <= xx + i < self.width:
                self.buf0[yy + th - 1][xx + i] = color
        for i in range(th):
            if 0 <= (yy + i) < self.height and 0 <= xx + tw - 1 < self.width:
                self.buf0[yy + i][xx + tw - 1] = color",0 <= yy + th - 1 < self.height and 0 <= xx + i < self.width,self.height > yy + th - 1 >= 0 <= xx + i < self.width,0 <= yy + i < self.height and 0 <= xx < self.width,"symbols:
v1: 0
v2: yy + i
v3: self.height
v4: xx
v5: self.width

New Python code: v1 <= v2 < v3 and v1 <= v4 < v5",0,v1 <= v4 < v5 and v1 <= v2 < v3,Cannot be refactored by chain comparison,"None is not scheduler_ngpus > 1 and isinstance(scheduler_ngpus, int)",1,"
For the following Python code, whether it is a simple or compound comparison operand, you use only one symbol v to represent. And the same comparison operands must be represented by the same symbol. Please do not change other code.

Python code:
0 <= yy + i < self.height and 0 <= xx < self.width
",You are a helpful assistant.,"
For the following Python code, whether it is a simple or compound comparison operand, you use only one symbol v to represent. And the same comparison operands must be represented by the same symbol. Please do not change other code.

Python code:
a > 1 and c.b is None and a < d + e < c.b[0] + d and d is not None and (c.func(x) or e.b[0] == 1) and d % e > 1

******ASSISTANT******

symbols:
v1: a
v2: 1
v3: c.b
v4: None
v5: d + e
v6: c.b[0] + d
v7: d
v8: c.func(x)
v9: e.b[0]
v10: d % e

New Python code: v1 > v2 and v3 is v4 and v1 < v5 < v6 and v7 is not v4 and (v8 or v9 == v2) and v10 > v2
","
For the following Python code, whether it is a simple or compound comparison operand, you use only one symbol v to represent. And the same comparison operands must be represented by the same symbol. Please do not change other code.

Python code:
0 <= yy + i < self.height and 0 <= xx < self.width
"
PyBoy,/data1/zhangzejun/mnt/zejun/smp/data/python_star_2000repo/PyBoy/pyboy/plugins/debug.py,https://github.com/Baekalfen/PyBoy/tree/master/pyboy/plugins/debug.py,BaseDebugWindow,mark_tile$426,"def mark_tile(self, x, y, color, height, width, grid):
        tw = width # Tile width
        th = height # Tile height
        if grid:
            xx = x - (x%tw)
            yy = y - (y%th)
        else:
            xx = x
            yy = y
        for i in range(th):
            if 0 <= (yy + i) < self.height and 0 <= xx < self.width:
                self.buf0[yy + i][xx] = color
        for i in range(tw):
            if 0 <= (yy) < self.height and 0 <= xx + i < self.width:
                self.buf0[yy][xx + i] = color
        for i in range(tw):
            if 0 <= (yy + th - 1) < self.height and 0 <= xx + i < self.width:
                self.buf0[yy + th - 1][xx + i] = color
        for i in range(th):
            if 0 <= (yy + i) < self.height and 0 <= xx + tw - 1 < self.width:
                self.buf0[yy + i][xx + tw - 1] = color",0 <= yy + th - 1 < self.height and 0 <= xx + i < self.width,self.height > yy + th - 1 >= 0 <= xx + i < self.width,0 <= yy < self.height and 0 <= xx + i < self.width,"symbols:
v1: 0
v2: yy
v3: self.height
v4: xx + i
v5: self.width

New Python code: v1 <= v2 < v3 and v1 <= v4 < v5",0,v1 <= v4 < v5 and v1 <= v2 < v3,Cannot be refactored by chain comparison,Cannot be refactored by chain comparison,1,"
For the following Python code, whether it is a simple or compound comparison operand, you use only one symbol v to represent. And the same comparison operands must be represented by the same symbol. Please do not change other code.

Python code:
0 <= yy < self.height and 0 <= xx + i < self.width
",You are a helpful assistant.,"
For the following Python code, whether it is a simple or compound comparison operand, you use only one symbol v to represent. And the same comparison operands must be represented by the same symbol. Please do not change other code.

Python code:
a > 1 and c.b is None and a < d + e < c.b[0] + d and d is not None and (c.func(x) or e.b[0] == 1) and d % e > 1

******ASSISTANT******

symbols:
v1: a
v2: 1
v3: c.b
v4: None
v5: d + e
v6: c.b[0] + d
v7: d
v8: c.func(x)
v9: e.b[0]
v10: d % e

New Python code: v1 > v2 and v3 is v4 and v1 < v5 < v6 and v7 is not v4 and (v8 or v9 == v2) and v10 > v2
","
For the following Python code, whether it is a simple or compound comparison operand, you use only one symbol v to represent. And the same comparison operands must be represented by the same symbol. Please do not change other code.

Python code:
0 <= yy < self.height and 0 <= xx + i < self.width
"
PyBoy,/data1/zhangzejun/mnt/zejun/smp/data/python_star_2000repo/PyBoy/pyboy/plugins/debug.py,https://github.com/Baekalfen/PyBoy/tree/master/pyboy/plugins/debug.py,BaseDebugWindow,mark_tile$426,"def mark_tile(self, x, y, color, height, width, grid):
        tw = width # Tile width
        th = height # Tile height
        if grid:
            xx = x - (x%tw)
            yy = y - (y%th)
        else:
            xx = x
            yy = y
        for i in range(th):
            if 0 <= (yy + i) < self.height and 0 <= xx < self.width:
                self.buf0[yy + i][xx] = color
        for i in range(tw):
            if 0 <= (yy) < self.height and 0 <= xx + i < self.width:
                self.buf0[yy][xx + i] = color
        for i in range(tw):
            if 0 <= (yy + th - 1) < self.height and 0 <= xx + i < self.width:
                self.buf0[yy + th - 1][xx + i] = color
        for i in range(th):
            if 0 <= (yy + i) < self.height and 0 <= xx + tw - 1 < self.width:
                self.buf0[yy + i][xx + tw - 1] = color",0 <= yy + th - 1 < self.height and 0 <= xx + i < self.width,self.height > yy + th - 1 >= 0 <= xx + i < self.width,0 <= yy + th - 1 < self.height and 0 <= xx + i < self.width,"symbols:
v1: 0
v2: yy
v3: th
v4: 1
v5: self.height
v6: xx
v7: i
v8: self.width

New Python code: v1 <= v2 + v3 - v4 < v5 and v1 <= v6 + v7 < v8",0,"Answer: No
Information: There are no two comparison operations that have the same comparison operand.",Cannot be refactored by chain comparison,Cannot be refactored by chain comparison,0,"
For the following Python code, whether it is a simple or compound comparison operand, you use only one symbol v to represent. And the same comparison operands must be represented by the same symbol. Please do not change other code.

Python code:
0 <= yy + th - 1 < self.height and 0 <= xx + i < self.width
",You are a helpful assistant.,"
For the following Python code, whether it is a simple or compound comparison operand, you use only one symbol v to represent. And the same comparison operands must be represented by the same symbol. Please do not change other code.

Python code:
a > 1 and c.b is None and a < d + e < c.b[0] + d and d is not None and (c.func(x) or e.b[0] == 1) and d % e > 1

******ASSISTANT******

symbols:
v1: a
v2: 1
v3: c.b
v4: None
v5: d + e
v6: c.b[0] + d
v7: d
v8: c.func(x)
v9: e.b[0]
v10: d % e

New Python code: v1 > v2 and v3 is v4 and v1 < v5 < v6 and v7 is not v4 and (v8 or v9 == v2) and v10 > v2
","
For the following Python code, whether it is a simple or compound comparison operand, you use only one symbol v to represent. And the same comparison operands must be represented by the same symbol. Please do not change other code.

Python code:
0 <= yy + th - 1 < self.height and 0 <= xx + i < self.width
"
PyBoy,/data1/zhangzejun/mnt/zejun/smp/data/python_star_2000repo/PyBoy/pyboy/plugins/debug.py,https://github.com/Baekalfen/PyBoy/tree/master/pyboy/plugins/debug.py,BaseDebugWindow,mark_tile$426,"def mark_tile(self, x, y, color, height, width, grid):
        tw = width # Tile width
        th = height # Tile height
        if grid:
            xx = x - (x%tw)
            yy = y - (y%th)
        else:
            xx = x
            yy = y
        for i in range(th):
            if 0 <= (yy + i) < self.height and 0 <= xx < self.width:
                self.buf0[yy + i][xx] = color
        for i in range(tw):
            if 0 <= (yy) < self.height and 0 <= xx + i < self.width:
                self.buf0[yy][xx + i] = color
        for i in range(tw):
            if 0 <= (yy + th - 1) < self.height and 0 <= xx + i < self.width:
                self.buf0[yy + th - 1][xx + i] = color
        for i in range(th):
            if 0 <= (yy + i) < self.height and 0 <= xx + tw - 1 < self.width:
                self.buf0[yy + i][xx + tw - 1] = color",0 <= yy + th - 1 < self.height and 0 <= xx + i < self.width,self.height > yy + th - 1 >= 0 <= xx + i < self.width,0 <= yy + i < self.height and 0 <= xx + tw - 1 < self.width,"symbols:
v1: 0
v2: yy + i
v3: self.height
v4: xx + tw - 1
v5: self.width

New Python code: v1 <= v2 < v3 and v1 <= v4 < v5",0,v1 <= v4 < v5 and v1 <= v2 < v3,Cannot be refactored by chain comparison,Cannot be refactored by chain comparison,1,"
For the following Python code, whether it is a simple or compound comparison operand, you use only one symbol v to represent. And the same comparison operands must be represented by the same symbol. Please do not change other code.

Python code:
0 <= yy + i < self.height and 0 <= xx + tw - 1 < self.width
",You are a helpful assistant.,"
For the following Python code, whether it is a simple or compound comparison operand, you use only one symbol v to represent. And the same comparison operands must be represented by the same symbol. Please do not change other code.

Python code:
a > 1 and c.b is None and a < d + e < c.b[0] + d and d is not None and (c.func(x) or e.b[0] == 1) and d % e > 1

******ASSISTANT******

symbols:
v1: a
v2: 1
v3: c.b
v4: None
v5: d + e
v6: c.b[0] + d
v7: d
v8: c.func(x)
v9: e.b[0]
v10: d % e

New Python code: v1 > v2 and v3 is v4 and v1 < v5 < v6 and v7 is not v4 and (v8 or v9 == v2) and v10 > v2
","
For the following Python code, whether it is a simple or compound comparison operand, you use only one symbol v to represent. And the same comparison operands must be represented by the same symbol. Please do not change other code.

Python code:
0 <= yy + i < self.height and 0 <= xx + tw - 1 < self.width
"
PyBoy,/data1/zhangzejun/mnt/zejun/smp/data/python_star_2000repo/PyBoy/pyboy/plugins/debug.py,https://github.com/Baekalfen/PyBoy/tree/master/pyboy/plugins/debug.py,BaseDebugWindow,mark_tile$426,"def mark_tile(self, x, y, color, height, width, grid):
        tw = width # Tile width
        th = height # Tile height
        if grid:
            xx = x - (x%tw)
            yy = y - (y%th)
        else:
            xx = x
            yy = y
        for i in range(th):
            if 0 <= (yy + i) < self.height and 0 <= xx < self.width:
                self.buf0[yy + i][xx] = color
        for i in range(tw):
            if 0 <= (yy) < self.height and 0 <= xx + i < self.width:
                self.buf0[yy][xx + i] = color
        for i in range(tw):
            if 0 <= (yy + th - 1) < self.height and 0 <= xx + i < self.width:
                self.buf0[yy + th - 1][xx + i] = color
        for i in range(th):
            if 0 <= (yy + i) < self.height and 0 <= xx + tw - 1 < self.width:
                self.buf0[yy + i][xx + tw - 1] = color",0 <= yy + i < self.height and 0 <= xx + tw - 1 < self.width,self.height > yy + i >= 0 <= xx + tw - 1 < self.width,0 <= yy + i < self.height and 0 <= xx < self.width,"symbols:
v1: 0
v2: yy + i
v3: self.height
v4: xx
v5: self.width

New Python code: v1 <= v2 < v3 and v1 <= v4 < v5",0,v1 <= v4 < v5 and v1 <= v2 < v3,Cannot be refactored by chain comparison,Cannot be refactored by chain comparison,1,"
For the following Python code, whether it is a simple or compound comparison operand, you use only one symbol v to represent. And the same comparison operands must be represented by the same symbol. Please do not change other code.

Python code:
0 <= yy + i < self.height and 0 <= xx < self.width
",You are a helpful assistant.,"
For the following Python code, whether it is a simple or compound comparison operand, you use only one symbol v to represent. And the same comparison operands must be represented by the same symbol. Please do not change other code.

Python code:
a > 1 and c.b is None and a < d + e < c.b[0] + d and d is not None and (c.func(x) or e.b[0] == 1) and d % e > 1

******ASSISTANT******

symbols:
v1: a
v2: 1
v3: c.b
v4: None
v5: d + e
v6: c.b[0] + d
v7: d
v8: c.func(x)
v9: e.b[0]
v10: d % e

New Python code: v1 > v2 and v3 is v4 and v1 < v5 < v6 and v7 is not v4 and (v8 or v9 == v2) and v10 > v2
","
For the following Python code, whether it is a simple or compound comparison operand, you use only one symbol v to represent. And the same comparison operands must be represented by the same symbol. Please do not change other code.

Python code:
0 <= yy + i < self.height and 0 <= xx < self.width
"
PyBoy,/data1/zhangzejun/mnt/zejun/smp/data/python_star_2000repo/PyBoy/pyboy/plugins/debug.py,https://github.com/Baekalfen/PyBoy/tree/master/pyboy/plugins/debug.py,BaseDebugWindow,mark_tile$426,"def mark_tile(self, x, y, color, height, width, grid):
        tw = width # Tile width
        th = height # Tile height
        if grid:
            xx = x - (x%tw)
            yy = y - (y%th)
        else:
            xx = x
            yy = y
        for i in range(th):
            if 0 <= (yy + i) < self.height and 0 <= xx < self.width:
                self.buf0[yy + i][xx] = color
        for i in range(tw):
            if 0 <= (yy) < self.height and 0 <= xx + i < self.width:
                self.buf0[yy][xx + i] = color
        for i in range(tw):
            if 0 <= (yy + th - 1) < self.height and 0 <= xx + i < self.width:
                self.buf0[yy + th - 1][xx + i] = color
        for i in range(th):
            if 0 <= (yy + i) < self.height and 0 <= xx + tw - 1 < self.width:
                self.buf0[yy + i][xx + tw - 1] = color",0 <= yy + i < self.height and 0 <= xx + tw - 1 < self.width,self.height > yy + i >= 0 <= xx + tw - 1 < self.width,0 <= yy < self.height and 0 <= xx + i < self.width,"symbols:
v1: 0
v2: yy
v3: self.height
v4: xx + i
v5: self.width

New Python code: v1 <= v2 < v3 and v1 <= v4 < v5",0,v1 <= v4 < v5 and v1 <= v2 < v3,Cannot be refactored by chain comparison,group_server.ip_address != self.ip_address in group_server.coordinator.data.group_client_list and self.coordinator.data.group_id == group_server.coordinator.data.group_id and (self.source == ATTR_MC_LINK),1,"
For the following Python code, whether it is a simple or compound comparison operand, you use only one symbol v to represent. And the same comparison operands must be represented by the same symbol. Please do not change other code.

Python code:
0 <= yy < self.height and 0 <= xx + i < self.width
",You are a helpful assistant.,"
For the following Python code, whether it is a simple or compound comparison operand, you use only one symbol v to represent. And the same comparison operands must be represented by the same symbol. Please do not change other code.

Python code:
a > 1 and c.b is None and a < d + e < c.b[0] + d and d is not None and (c.func(x) or e.b[0] == 1) and d % e > 1

******ASSISTANT******

symbols:
v1: a
v2: 1
v3: c.b
v4: None
v5: d + e
v6: c.b[0] + d
v7: d
v8: c.func(x)
v9: e.b[0]
v10: d % e

New Python code: v1 > v2 and v3 is v4 and v1 < v5 < v6 and v7 is not v4 and (v8 or v9 == v2) and v10 > v2
","
For the following Python code, whether it is a simple or compound comparison operand, you use only one symbol v to represent. And the same comparison operands must be represented by the same symbol. Please do not change other code.

Python code:
0 <= yy < self.height and 0 <= xx + i < self.width
"
PyBoy,/data1/zhangzejun/mnt/zejun/smp/data/python_star_2000repo/PyBoy/pyboy/plugins/debug.py,https://github.com/Baekalfen/PyBoy/tree/master/pyboy/plugins/debug.py,BaseDebugWindow,mark_tile$426,"def mark_tile(self, x, y, color, height, width, grid):
        tw = width # Tile width
        th = height # Tile height
        if grid:
            xx = x - (x%tw)
            yy = y - (y%th)
        else:
            xx = x
            yy = y
        for i in range(th):
            if 0 <= (yy + i) < self.height and 0 <= xx < self.width:
                self.buf0[yy + i][xx] = color
        for i in range(tw):
            if 0 <= (yy) < self.height and 0 <= xx + i < self.width:
                self.buf0[yy][xx + i] = color
        for i in range(tw):
            if 0 <= (yy + th - 1) < self.height and 0 <= xx + i < self.width:
                self.buf0[yy + th - 1][xx + i] = color
        for i in range(th):
            if 0 <= (yy + i) < self.height and 0 <= xx + tw - 1 < self.width:
                self.buf0[yy + i][xx + tw - 1] = color",0 <= yy + i < self.height and 0 <= xx + tw - 1 < self.width,self.height > yy + i >= 0 <= xx + tw - 1 < self.width,0 <= yy + th - 1 < self.height and 0 <= xx + i < self.width,"symbols:
v1: 0
v2: yy
v3: th
v4: 1
v5: self.height
v6: xx
v7: i
v8: self.width

New Python code: v1 <= v2 + v3 - v4 < v5 and v1 <= v6 + v7 < v8",0,"Answer: No
Information: There are no two comparison operations that have the same comparison operand.",Cannot be refactored by chain comparison,j == 0 != i,1,"
For the following Python code, whether it is a simple or compound comparison operand, you use only one symbol v to represent. And the same comparison operands must be represented by the same symbol. Please do not change other code.

Python code:
0 <= yy + th - 1 < self.height and 0 <= xx + i < self.width
",You are a helpful assistant.,"
For the following Python code, whether it is a simple or compound comparison operand, you use only one symbol v to represent. And the same comparison operands must be represented by the same symbol. Please do not change other code.

Python code:
a > 1 and c.b is None and a < d + e < c.b[0] + d and d is not None and (c.func(x) or e.b[0] == 1) and d % e > 1

******ASSISTANT******

symbols:
v1: a
v2: 1
v3: c.b
v4: None
v5: d + e
v6: c.b[0] + d
v7: d
v8: c.func(x)
v9: e.b[0]
v10: d % e

New Python code: v1 > v2 and v3 is v4 and v1 < v5 < v6 and v7 is not v4 and (v8 or v9 == v2) and v10 > v2
","
For the following Python code, whether it is a simple or compound comparison operand, you use only one symbol v to represent. And the same comparison operands must be represented by the same symbol. Please do not change other code.

Python code:
0 <= yy + th - 1 < self.height and 0 <= xx + i < self.width
"
PyBoy,/data1/zhangzejun/mnt/zejun/smp/data/python_star_2000repo/PyBoy/pyboy/plugins/debug.py,https://github.com/Baekalfen/PyBoy/tree/master/pyboy/plugins/debug.py,BaseDebugWindow,mark_tile$426,"def mark_tile(self, x, y, color, height, width, grid):
        tw = width # Tile width
        th = height # Tile height
        if grid:
            xx = x - (x%tw)
            yy = y - (y%th)
        else:
            xx = x
            yy = y
        for i in range(th):
            if 0 <= (yy + i) < self.height and 0 <= xx < self.width:
                self.buf0[yy + i][xx] = color
        for i in range(tw):
            if 0 <= (yy) < self.height and 0 <= xx + i < self.width:
                self.buf0[yy][xx + i] = color
        for i in range(tw):
            if 0 <= (yy + th - 1) < self.height and 0 <= xx + i < self.width:
                self.buf0[yy + th - 1][xx + i] = color
        for i in range(th):
            if 0 <= (yy + i) < self.height and 0 <= xx + tw - 1 < self.width:
                self.buf0[yy + i][xx + tw - 1] = color",0 <= yy + i < self.height and 0 <= xx + tw - 1 < self.width,self.height > yy + i >= 0 <= xx + tw - 1 < self.width,0 <= yy + i < self.height and 0 <= xx + tw - 1 < self.width,"symbols:
v1: 0
v2: yy
v3: i
v4: self.height
v5: xx
v6: tw
v7: self.width
v8: 1

New Python code: v1 <= v2 + v3 < v4 and v1 <= v5 + v6 - v8 < v7",0,"Answer: No
Information: There are no two comparison operations that have the same comparison operand.",Cannot be refactored by chain comparison,H - 1 + y > 1 > x < W < H - 1 + y,0,"
For the following Python code, whether it is a simple or compound comparison operand, you use only one symbol v to represent. And the same comparison operands must be represented by the same symbol. Please do not change other code.

Python code:
0 <= yy + i < self.height and 0 <= xx + tw - 1 < self.width
",You are a helpful assistant.,"
For the following Python code, whether it is a simple or compound comparison operand, you use only one symbol v to represent. And the same comparison operands must be represented by the same symbol. Please do not change other code.

Python code:
a > 1 and c.b is None and a < d + e < c.b[0] + d and d is not None and (c.func(x) or e.b[0] == 1) and d % e > 1

******ASSISTANT******

symbols:
v1: a
v2: 1
v3: c.b
v4: None
v5: d + e
v6: c.b[0] + d
v7: d
v8: c.func(x)
v9: e.b[0]
v10: d % e

New Python code: v1 > v2 and v3 is v4 and v1 < v5 < v6 and v7 is not v4 and (v8 or v9 == v2) and v10 > v2
","
For the following Python code, whether it is a simple or compound comparison operand, you use only one symbol v to represent. And the same comparison operands must be represented by the same symbol. Please do not change other code.

Python code:
0 <= yy + i < self.height and 0 <= xx + tw - 1 < self.width
"
dumpmon,/data1/zhangzejun/mnt/zejun/smp/data/python_star_2000repo/dumpmon/lib/helper.py,https://github.com/jordan-wright/dumpmon/tree/master/lib/helper.py,,build_tweet$41,"def build_tweet(paste):
    '''
    build_tweet(url, paste) - Determines if the paste is interesting and, if so, builds and returns the tweet accordingly

    '''
    tweet = None
    if paste.match():
        tweet = paste.url
        if paste.type == 'db_dump':
            if paste.num_emails > 0:
                tweet += ' Emails: ' + str(paste.num_emails)
            if paste.num_hashes > 0:
                tweet += ' Hashes: ' + str(paste.num_hashes)
            if paste.num_hashes > 0 and paste.num_emails > 0:
                tweet += ' E/H: ' + str(round(
                    paste.num_emails / float(paste.num_hashes), 2))
            tweet += ' Keywords: ' + str(paste.db_keywords)
        elif paste.type == 'google_api':
            tweet += ' Found possible Google API key(s)'
        elif paste.type in ['cisco', 'juniper']:
            tweet += ' Possible ' + paste.type + ' configuration'
        elif paste.type == 'ssh_private':
            tweet += ' Possible SSH private key'
        elif paste.type == 'honeypot':
            tweet += ' Dionaea Honeypot Log'
        elif paste.type == 'pgp_private':
            tweet += ' Found possible PGP Private Key'
        tweet += ' #infoleak'
    if paste.num_emails > 0:
        print(paste.emails)
    return tweet",paste.num_hashes > 0 and paste.num_emails > 0,paste.num_hashes > 0 < paste.num_emails,paste.num_hashes > 0 and paste.num_emails > 0,"symbols:
v1: paste.num_hashes
v2: 0
v3: paste.num_emails

New Python code: v1 > v2 and v3 > v2",0,v1 > v2 and v2 < v3,v1 > v2 < v3,Cannot be refactored by chain comparison,0,"
For the following Python code, whether it is a simple or compound comparison operand, you use only one symbol v to represent. And the same comparison operands must be represented by the same symbol. Please do not change other code.

Python code:
paste.num_hashes > 0 and paste.num_emails > 0
",You are a helpful assistant.,"
For the following Python code, whether it is a simple or compound comparison operand, you use only one symbol v to represent. And the same comparison operands must be represented by the same symbol. Please do not change other code.

Python code:
a > 1 and c.b is None and a < d + e < c.b[0] + d and d is not None and (c.func(x) or e.b[0] == 1) and d % e > 1

******ASSISTANT******

symbols:
v1: a
v2: 1
v3: c.b
v4: None
v5: d + e
v6: c.b[0] + d
v7: d
v8: c.func(x)
v9: e.b[0]
v10: d % e

New Python code: v1 > v2 and v3 is v4 and v1 < v5 < v6 and v7 is not v4 and (v8 or v9 == v2) and v10 > v2
","
For the following Python code, whether it is a simple or compound comparison operand, you use only one symbol v to represent. And the same comparison operands must be represented by the same symbol. Please do not change other code.

Python code:
paste.num_hashes > 0 and paste.num_emails > 0
"
gym-minigrid,/data1/zhangzejun/mnt/zejun/smp/data/python_star_2000repo/gym-minigrid/gym_minigrid/minigrid.py,https://github.com/maximecb/gym-minigrid/tree/master/gym_minigrid/minigrid.py,MiniGridEnv,dir_vec$980,"def dir_vec(self):
        """"""
        Get the direction vector for the agent, pointing in the direction
        of forward movement.
        """"""

        assert self.agent_dir >= 0 and self.agent_dir < 4
        return DIR_TO_VEC[self.agent_dir]",self.agent_dir >= 0 and self.agent_dir < 4,0 <= self.agent_dir < 4,self.agent_dir >= 0 and self.agent_dir < 4,"symbols:
v1: self.agent_dir
v2: 0
v3: 4

New Python code: v1 >= v2 and v1 < v3",0,v2 <= v1 and v1 < v3,v2 <= v1 < v3,None is not equivalent_first < oldest,0,"
For the following Python code, whether it is a simple or compound comparison operand, you use only one symbol v to represent. And the same comparison operands must be represented by the same symbol. Please do not change other code.

Python code:
self.agent_dir >= 0 and self.agent_dir < 4
",You are a helpful assistant.,"
For the following Python code, whether it is a simple or compound comparison operand, you use only one symbol v to represent. And the same comparison operands must be represented by the same symbol. Please do not change other code.

Python code:
a > 1 and c.b is None and a < d + e < c.b[0] + d and d is not None and (c.func(x) or e.b[0] == 1) and d % e > 1

******ASSISTANT******

symbols:
v1: a
v2: 1
v3: c.b
v4: None
v5: d + e
v6: c.b[0] + d
v7: d
v8: c.func(x)
v9: e.b[0]
v10: d % e

New Python code: v1 > v2 and v3 is v4 and v1 < v5 < v6 and v7 is not v4 and (v8 or v9 == v2) and v10 > v2
","
For the following Python code, whether it is a simple or compound comparison operand, you use only one symbol v to represent. And the same comparison operands must be represented by the same symbol. Please do not change other code.

Python code:
self.agent_dir >= 0 and self.agent_dir < 4
"
Pyro4,/data1/zhangzejun/mnt/zejun/smp/data/python_star_2000repo/Pyro4/src/Pyro4/core.py,https://github.com/irmen/Pyro4/tree/master/src/Pyro4/core.py,Daemon,__init__$1110,"def __init__(self, host=None, port=0, unixsocket=None, nathost=None, natport=None, interface=DaemonObject, connected_socket=None):
        if connected_socket:
            nathost = natport = None
        else:
            if host is None:
                host = config.HOST
            if nathost is None:
                nathost = config.NATHOST
            if natport is None and nathost is not None:
                natport = config.NATPORT
            if nathost and unixsocket:
                raise ValueError(""cannot use nathost together with unixsocket"")
            if (nathost is None) ^ (natport is None):
                raise ValueError(""must provide natport with nathost"")
        self.__mustshutdown = threading.Event()
        self.__mustshutdown.set()
        self.__loopstopped = threading.Event()
        self.__loopstopped.set()
        if connected_socket:
            from Pyro4.socketserver.existingconnectionserver import SocketServer_ExistingConnection
            self.transportServer = SocketServer_ExistingConnection()
            self.transportServer.init(self, connected_socket)
        else:
            if config.SERVERTYPE == ""thread"":
                from Pyro4.socketserver.threadpoolserver import SocketServer_Threadpool
                self.transportServer = SocketServer_Threadpool()
            elif config.SERVERTYPE == ""multiplex"":
                from Pyro4.socketserver.multiplexserver import SocketServer_Multiplex
                self.transportServer = SocketServer_Multiplex()
            else:
                raise errors.PyroError(""invalid server type '%s'"" % config.SERVERTYPE)
            self.transportServer.init(self, host, port, unixsocket)
        #: The location (str of the form ``host:portnumber``) on which the Daemon is listening
        self.locationStr = self.transportServer.locationStr
        log.debug(""daemon created on %s - %s (pid %d)"", self.locationStr, socketutil.family_str(self.transportServer.sock), os.getpid())
        natport_for_loc = natport
        if natport == 0:
            # expose internal port number as NAT port as well. (don't use port because it could be 0 and will be chosen by the OS)
            natport_for_loc = int(self.locationStr.split("":"")[1])
        #: The NAT-location (str of the form ``nathost:natportnumber``) on which the Daemon is exposed for use with NAT-routing
        self.natLocationStr = ""%s:%d"" % (nathost, natport_for_loc) if nathost else None
        if self.natLocationStr:
            log.debug(""NAT address is %s"", self.natLocationStr)
        pyroObject = interface(self)
        pyroObject._pyroId = constants.DAEMON_NAME
        #: Dictionary from Pyro object id to the actual Pyro object registered by this id
        self.objectsById = {pyroObject._pyroId: pyroObject}
        # assert that the configured serializers are available, and remember their ids:
        self.__serializer_ids = {util.get_serializer(ser_name).serializer_id for ser_name in config.SERIALIZERS_ACCEPTED}
        log.debug(""accepted serializers: %s"" % config.SERIALIZERS_ACCEPTED)
        log.debug(""pyro protocol version: %d  pickle version: %d"" % (constants.PROTOCOL_VERSION, config.PICKLE_PROTOCOL_VERSION))
        self.__pyroHmacKey = None
        self._pyroInstances = {}   # pyro objects for instance_mode=single (singletons, just one per daemon)
        self.streaming_responses = {}   # stream_id -> (client, creation_timestamp, linger_timestamp, stream)
        self.housekeeper_lock = threading.Lock()
        self.create_single_instance_lock = threading.Lock()
        self.__mustshutdown.clear()",natport is None and nathost is not None,natport is None is not nathost,natport is None and nathost is not None,"symbols:
v1: natport
v2: None
v3: nathost

New Python code: v1 is v2 and v3 is not v2",0,v1 is v2 and v2 is not v3,v1 is v2 is not v3,None is not config_version == 1,0,"
For the following Python code, whether it is a simple or compound comparison operand, you use only one symbol v to represent. And the same comparison operands must be represented by the same symbol. Please do not change other code.

Python code:
natport is None and nathost is not None
",You are a helpful assistant.,"
For the following Python code, whether it is a simple or compound comparison operand, you use only one symbol v to represent. And the same comparison operands must be represented by the same symbol. Please do not change other code.

Python code:
a > 1 and c.b is None and a < d + e < c.b[0] + d and d is not None and (c.func(x) or e.b[0] == 1) and d % e > 1

******ASSISTANT******

symbols:
v1: a
v2: 1
v3: c.b
v4: None
v5: d + e
v6: c.b[0] + d
v7: d
v8: c.func(x)
v9: e.b[0]
v10: d % e

New Python code: v1 > v2 and v3 is v4 and v1 < v5 < v6 and v7 is not v4 and (v8 or v9 == v2) and v10 > v2
","
For the following Python code, whether it is a simple or compound comparison operand, you use only one symbol v to represent. And the same comparison operands must be represented by the same symbol. Please do not change other code.

Python code:
natport is None and nathost is not None
"
Pyro4,/data1/zhangzejun/mnt/zejun/smp/data/python_star_2000repo/Pyro4/src/Pyro4/core.py,https://github.com/irmen/Pyro4/tree/master/src/Pyro4/core.py,Daemon,__init__$1110,"def __init__(self, host=None, port=0, unixsocket=None, nathost=None, natport=None, interface=DaemonObject, connected_socket=None):
        if connected_socket:
            nathost = natport = None
        else:
            if host is None:
                host = config.HOST
            if nathost is None:
                nathost = config.NATHOST
            if natport is None and nathost is not None:
                natport = config.NATPORT
            if nathost and unixsocket:
                raise ValueError(""cannot use nathost together with unixsocket"")
            if (nathost is None) ^ (natport is None):
                raise ValueError(""must provide natport with nathost"")
        self.__mustshutdown = threading.Event()
        self.__mustshutdown.set()
        self.__loopstopped = threading.Event()
        self.__loopstopped.set()
        if connected_socket:
            from Pyro4.socketserver.existingconnectionserver import SocketServer_ExistingConnection
            self.transportServer = SocketServer_ExistingConnection()
            self.transportServer.init(self, connected_socket)
        else:
            if config.SERVERTYPE == ""thread"":
                from Pyro4.socketserver.threadpoolserver import SocketServer_Threadpool
                self.transportServer = SocketServer_Threadpool()
            elif config.SERVERTYPE == ""multiplex"":
                from Pyro4.socketserver.multiplexserver import SocketServer_Multiplex
                self.transportServer = SocketServer_Multiplex()
            else:
                raise errors.PyroError(""invalid server type '%s'"" % config.SERVERTYPE)
            self.transportServer.init(self, host, port, unixsocket)
        #: The location (str of the form ``host:portnumber``) on which the Daemon is listening
        self.locationStr = self.transportServer.locationStr
        log.debug(""daemon created on %s - %s (pid %d)"", self.locationStr, socketutil.family_str(self.transportServer.sock), os.getpid())
        natport_for_loc = natport
        if natport == 0:
            # expose internal port number as NAT port as well. (don't use port because it could be 0 and will be chosen by the OS)
            natport_for_loc = int(self.locationStr.split("":"")[1])
        #: The NAT-location (str of the form ``nathost:natportnumber``) on which the Daemon is exposed for use with NAT-routing
        self.natLocationStr = ""%s:%d"" % (nathost, natport_for_loc) if nathost else None
        if self.natLocationStr:
            log.debug(""NAT address is %s"", self.natLocationStr)
        pyroObject = interface(self)
        pyroObject._pyroId = constants.DAEMON_NAME
        #: Dictionary from Pyro object id to the actual Pyro object registered by this id
        self.objectsById = {pyroObject._pyroId: pyroObject}
        # assert that the configured serializers are available, and remember their ids:
        self.__serializer_ids = {util.get_serializer(ser_name).serializer_id for ser_name in config.SERIALIZERS_ACCEPTED}
        log.debug(""accepted serializers: %s"" % config.SERIALIZERS_ACCEPTED)
        log.debug(""pyro protocol version: %d  pickle version: %d"" % (constants.PROTOCOL_VERSION, config.PICKLE_PROTOCOL_VERSION))
        self.__pyroHmacKey = None
        self._pyroInstances = {}   # pyro objects for instance_mode=single (singletons, just one per daemon)
        self.streaming_responses = {}   # stream_id -> (client, creation_timestamp, linger_timestamp, stream)
        self.housekeeper_lock = threading.Lock()
        self.create_single_instance_lock = threading.Lock()
        self.__mustshutdown.clear()",natport is None and nathost is not None,natport is None is not nathost,nathost and unixsocket,"There are no comparison operands in the given Python code. It seems like a logical expression using the `and` operator between two variables `nathost` and `unixsocket`. Therefore, there is no need to represent them using symbols.",1,"Answer: No
Information: There are no comparison operands in the given Python code.",Cannot be refactored by chain comparison,None is not sparse_threshold != 0.3,1,"
For the following Python code, whether it is a simple or compound comparison operand, you use only one symbol v to represent. And the same comparison operands must be represented by the same symbol. Please do not change other code.

Python code:
nathost and unixsocket
",You are a helpful assistant.,"
For the following Python code, whether it is a simple or compound comparison operand, you use only one symbol v to represent. And the same comparison operands must be represented by the same symbol. Please do not change other code.

Python code:
a > 1 and c.b is None and a < d + e < c.b[0] + d and d is not None and (c.func(x) or e.b[0] == 1) and d % e > 1

******ASSISTANT******

symbols:
v1: a
v2: 1
v3: c.b
v4: None
v5: d + e
v6: c.b[0] + d
v7: d
v8: c.func(x)
v9: e.b[0]
v10: d % e

New Python code: v1 > v2 and v3 is v4 and v1 < v5 < v6 and v7 is not v4 and (v8 or v9 == v2) and v10 > v2
","
For the following Python code, whether it is a simple or compound comparison operand, you use only one symbol v to represent. And the same comparison operands must be represented by the same symbol. Please do not change other code.

Python code:
nathost and unixsocket
"
InstaPy,/data1/zhangzejun/mnt/zejun/smp/data/python_star_2000repo/InstaPy/instapy/like_util.py,https://github.com/InstaPy/InstaPy/tree/master/instapy/like_util.py,,get_links_for_username$430,"def get_links_for_username(
    browser,
    username,
    person,
    amount,
    logger,
    logfolder,
    randomize=False,
    media=None,
    taggedImages=False,
):
    """"""
    Fetches the number of links specified by amount and returns a list of links
    """"""

    if media is None:
        # All known media types
        media = MEDIA_ALL_TYPES
    elif media == MEDIA_PHOTO:
        # Include posts with multiple images in it
        media = [MEDIA_PHOTO, MEDIA_CAROUSEL]
    else:
        # Make it an array to use it in the following part
        media = [media]

    logger.info(""Getting {} image list..."".format(person))

    user_link = ""https://www.instagram.com/{}/"".format(person)
    if taggedImages:
        user_link = user_link + ""tagged/""

    # if private user, we can get links only if we following
    following_status, _ = get_following_status(
        browser, ""profile"", username, person, None, logger, logfolder
    )

    # Check URL of the webpage, if it already is user's profile page,
    # then do not navigate to it again
    web_address_navigator(browser, user_link)

    if not is_page_available(browser, logger):
        logger.error(
            ""Instagram error: The link you followed may be broken, or the ""
            ""page may have been removed...""
        )
        return False

    # if following_status is None:
    #    browser.wait_for_valid_connection(browser, username, logger)

    # if following_status == 'Follow':
    #    browser.wait_for_valid_authorization(browser, username, logger)

    is_private = is_private_profile(browser, logger, following_status == ""Following"")

    if (
        is_private is None
        or (is_private is True and following_status not in [""Following"", True])
        or (following_status == ""Blocked"")
    ):
        logger.info(
            ""This user is private and we are not following. '{}':'{}'"".format(
                is_private, following_status
            )
        )
        return False

    # Get links
    links = []
    main_elem = browser.find_element(By.TAG_NAME, ""article"")
    posts_count = get_number_of_posts(browser)
    attempt = 0

    if posts_count is not None and amount > posts_count:
        logger.info(
            ""You have requested to get {} posts from {}'s profile page but""
            "" there only {} posts available :D"".format(amount, person, posts_count)
        )
        amount = posts_count

    while len(links) < amount:
        initial_links = links
        browser.execute_script(""window.scrollTo(0, document.body.scrollHeight);"")
        # update server calls after a scroll request
        update_activity(browser, state=None)
        sleep(0.66)

        # using `extend`  or `+=` results reference stay alive which affects
        # previous assignment (can use `copy()` for it)
        main_elem = browser.find_element(By.TAG_NAME, ""article"")
        links = links + get_links(browser, person, logger, media, main_elem)
        links = sorted(set(links), key=links.index)

        if len(links) == len(initial_links):
            if attempt >= 7:
                logger.info(
                    ""There are possibly less posts than {} in {}'s profile ""
                    ""page!"".format(amount, person)
                )
                break
            else:
                attempt += 1
        else:
            attempt = 0

    if randomize is True:
        random.shuffle(links)

    return links[:amount]",posts_count is not None and amount > posts_count,None is not posts_count < amount,posts_count is not None and amount > posts_count,"symbols:
v1: posts_count
v2: None
v3: amount

New Python code: v1 is not v2 and v3 > v1",0,v2 is not v1 and v1 < v3,v2 is not v1 < v3,next_page_token is not None is not next_page_token.get(TOKEN_TABLE_ID),0,"
For the following Python code, whether it is a simple or compound comparison operand, you use only one symbol v to represent. And the same comparison operands must be represented by the same symbol. Please do not change other code.

Python code:
posts_count is not None and amount > posts_count
",You are a helpful assistant.,"
For the following Python code, whether it is a simple or compound comparison operand, you use only one symbol v to represent. And the same comparison operands must be represented by the same symbol. Please do not change other code.

Python code:
a > 1 and c.b is None and a < d + e < c.b[0] + d and d is not None and (c.func(x) or e.b[0] == 1) and d % e > 1

******ASSISTANT******

symbols:
v1: a
v2: 1
v3: c.b
v4: None
v5: d + e
v6: c.b[0] + d
v7: d
v8: c.func(x)
v9: e.b[0]
v10: d % e

New Python code: v1 > v2 and v3 is v4 and v1 < v5 < v6 and v7 is not v4 and (v8 or v9 == v2) and v10 > v2
","
For the following Python code, whether it is a simple or compound comparison operand, you use only one symbol v to represent. And the same comparison operands must be represented by the same symbol. Please do not change other code.

Python code:
posts_count is not None and amount > posts_count
"
gym,/data1/zhangzejun/mnt/zejun/smp/data/python_star_2000repo/gym/gym/wrappers/time_limit.py,https://github.com/openai/gym/tree/master/gym/wrappers/time_limit.py,TimeLimit,__init__$5,"def __init__(self, env, max_episode_steps=None):
        super().__init__(env)
        if max_episode_steps is None and self.env.spec is not None:
            max_episode_steps = env.spec.max_episode_steps
        if self.env.spec is not None:
            self.env.spec.max_episode_steps = max_episode_steps
        self._max_episode_steps = max_episode_steps
        self._elapsed_steps = None",max_episode_steps is None and self.env.spec is not None,max_episode_steps is None is not self.env.spec,max_episode_steps is None and self.env.spec is not None,"Symbols:
v1: max_episode_steps
v2: None
v3: self.env.spec

New Python code: v1 is v2 and v3 is not None",0,"Answer: No
Information: None",Cannot be refactored by chain comparison,Cannot be refactored by chain comparison,0,"
For the following Python code, whether it is a simple or compound comparison operand, you use only one symbol v to represent. And the same comparison operands must be represented by the same symbol. Please do not change other code.

Python code:
max_episode_steps is None and self.env.spec is not None
",You are a helpful assistant.,"
For the following Python code, whether it is a simple or compound comparison operand, you use only one symbol v to represent. And the same comparison operands must be represented by the same symbol. Please do not change other code.

Python code:
a > 1 and c.b is None and a < d + e < c.b[0] + d and d is not None and (c.func(x) or e.b[0] == 1) and d % e > 1

******ASSISTANT******

symbols:
v1: a
v2: 1
v3: c.b
v4: None
v5: d + e
v6: c.b[0] + d
v7: d
v8: c.func(x)
v9: e.b[0]
v10: d % e

New Python code: v1 > v2 and v3 is v4 and v1 < v5 < v6 and v7 is not v4 and (v8 or v9 == v2) and v10 > v2
","
For the following Python code, whether it is a simple or compound comparison operand, you use only one symbol v to represent. And the same comparison operands must be represented by the same symbol. Please do not change other code.

Python code:
max_episode_steps is None and self.env.spec is not None
"
pianoplayer,/data1/zhangzejun/mnt/zejun/smp/data/python_star_2000repo/pianoplayer/pianoplayer/scorereader.py,https://github.com/marcomusy/pianoplayer/tree/master/pianoplayer/scorereader.py,,reader$42,"def reader(sf, beam=0):

    noteseq = []

    if hasattr(sf, 'parts'):
        if len(sf.parts) <= beam:
            return []
        strm = sf.parts[beam].flat
    elif hasattr(sf, 'elements'):
        if len(sf.elements)==1 and beam==1:
            strm = sf[0]
        else:
            if len(sf) <= beam:
                return []
            strm = sf[beam]
    else:
        strm = sf.flat

    print('Reading beam', beam, 'with', len(strm), 'objects in stream.')

    chordID = 0
    noteID = 0
    for n in strm.getElementsByClass(""GeneralNote""):

        if n.duration.quarterLength==0: continue

        if hasattr(n, 'tie'): # address bug https://github.com/marcomusy/pianoplayer/issues/29
            if n.tie and (n.tie.type == 'continue' or n.tie.type=='stop'): continue

        if n.isNote:
            if len(noteseq) and n.offset == noteseq[-1].time:
                # print ""doppia nota"", n.name
                continue
            an        = INote()
            an.noteID = noteID
            an.note21 = n
            an.isChord= False
            an.name   = n.name
            an.octave = n.octave
            an.measure= n.measureNumber
            an.x      = keypos(n)
            an.pitch  = n.pitch.midi
            an.time   = n.offset
            an.duration = n.duration.quarterLength
            an.isBlack= False
            pc = n.pitch.pitchClass
            an.isBlack = False
            if pc in [1, 3, 6, 8, 10]:
                an.isBlack = True
            if n.lyrics:
                an.fingering = n.lyric

            an.fingering = get_finger_music21(n)
            noteseq.append(an)
            noteID += 1

        elif n.isChord:

            if n.tie and (n.tie.type=='continue' or n.tie.type=='stop'): continue
            sfasam = 0.05 # sfasa leggermente le note dell'accordo

            for j, cn in enumerate(n.pitches):
                an = INote()
                an.chordID  = chordID
                an.noteID = noteID
                an.isChord = True
                an.pitch = cn.midi
                an.note21  = cn
                an.name    = cn.name
                an.chordnr = j
                an.NinChord = len(n.pitches)
                an.octave  = cn.octave
                an.measure = n.measureNumber
                an.x       = keypos(cn)
                an.time    = n.offset-sfasam*(len(n.pitches)-j-1)
                an.duration= n.duration.quarterLength+sfasam*(an.NinChord-1)
                if hasattr(cn, 'pitch'):
                    pc = cn.pitch.pitchClass
                else:
                    pc = cn.pitchClass
                if pc in [1, 3, 6, 8, 10]:
                    an.isBlack = True
                else:
                    an.isBlack = False
                an.fingering = get_finger_music21(n, j)
                noteID += 1
                noteseq.append(an)
            chordID += 1

    if len(noteseq) < 2:
        print(""Beam is empty."")
        return []
    return noteseq",len(sf.elements) == 1 and beam == 1,len(sf.elements) == 1 == beam,len(sf.elements) == 1 and beam == 1,"symbols:
v1: len(sf.elements)
v2: 1
v3: beam

New Python code: v1 == v2 and v3 == v2",0,v1 == v2 and v2 == v3,v1 == v2 == v3,None is not exclusive_maximum <= value,0,"
For the following Python code, whether it is a simple or compound comparison operand, you use only one symbol v to represent. And the same comparison operands must be represented by the same symbol. Please do not change other code.

Python code:
len(sf.elements) == 1 and beam == 1
",You are a helpful assistant.,"
For the following Python code, whether it is a simple or compound comparison operand, you use only one symbol v to represent. And the same comparison operands must be represented by the same symbol. Please do not change other code.

Python code:
a > 1 and c.b is None and a < d + e < c.b[0] + d and d is not None and (c.func(x) or e.b[0] == 1) and d % e > 1

******ASSISTANT******

symbols:
v1: a
v2: 1
v3: c.b
v4: None
v5: d + e
v6: c.b[0] + d
v7: d
v8: c.func(x)
v9: e.b[0]
v10: d % e

New Python code: v1 > v2 and v3 is v4 and v1 < v5 < v6 and v7 is not v4 and (v8 or v9 == v2) and v10 > v2
","
For the following Python code, whether it is a simple or compound comparison operand, you use only one symbol v to represent. And the same comparison operands must be represented by the same symbol. Please do not change other code.

Python code:
len(sf.elements) == 1 and beam == 1
"
tf-coreml,/data1/zhangzejun/mnt/zejun/smp/data/python_star_2000repo/tf-coreml/tfcoreml/_layers.py,https://github.com/tf-coreml/tf-coreml/tree/master/tfcoreml/_layers.py,,resize_bilinear$936,"def resize_bilinear(op, context):

  input_name = compat.as_str_any(op.inputs[0].name)
  output_name = compat.as_str_any(op.outputs[0].name)

  if op.inputs[1].name in context.consts:
    output_spatial_sizes = context.consts[op.inputs[1].name]
  else:
    output_spatial_sizes = context.session.run(
      op.inputs[1].name, feed_dict=context.input_feed_dict)

  shape = context.shape_dict[input_name]

  assert (len(shape) == 4), ('Resize Bilinear: input must be 4-D shape. Input shape = {}'.
                             format(str(shape)))

  if op.get_attr('align_corners'):
    mode = 'STRICT_ALIGN_ENDPOINTS_MODE'
  else:
    mode = 'UPSAMPLE_MODE'

  if mode == 'UPSAMPLE_MODE' and (output_spatial_sizes[0] % shape[1] == 0) and (output_spatial_sizes[1] % shape[2] == 0):
      upsample_factor_height = output_spatial_sizes[0] // shape[1]
      upsample_factor_width = output_spatial_sizes[1] // shape[2]
      context.builder.add_upsample(output_name, upsample_factor_height,
                                    upsample_factor_width, input_name, output_name, mode='BILINEAR')
  else:
    context.builder.add_resize_bilinear(output_name, input_name, output_name,
                                      target_height=output_spatial_sizes[0], target_width=output_spatial_sizes[1],
                                      mode=mode)
    context.builder.spec.specificationVersion = 3

  context.translated[output_name] = True",mode == 'UPSAMPLE_MODE' and output_spatial_sizes[0] % shape[1] == 0 and (output_spatial_sizes[1] % shape[2] == 0),mode == 'UPSAMPLE_MODE' and output_spatial_sizes[0] % shape[1] == 0 == output_spatial_sizes[1] % shape[2],mode == 'UPSAMPLE_MODE' and output_spatial_sizes[0] % shape[1] == 0 and (output_spatial_sizes[1] % shape[2] == 0),"symbols:
v1: mode
v2: 'UPSAMPLE_MODE'
v3: output_spatial_sizes[0]
v4: shape[1]
v5: output_spatial_sizes[1]
v6: shape[2]

New Python code: v1 == v2 and v3 % v4 == 0 and v5 % v6 == 0",0,"Answer: No
Information: There are no two comparison operations that have the same comparison operand.",Cannot be refactored by chain comparison,type(obj1) is dict is type(obj2),0,"
For the following Python code, whether it is a simple or compound comparison operand, you use only one symbol v to represent. And the same comparison operands must be represented by the same symbol. Please do not change other code.

Python code:
mode == 'UPSAMPLE_MODE' and output_spatial_sizes[0] % shape[1] == 0 and (output_spatial_sizes[1] % shape[2] == 0)
",You are a helpful assistant.,"
For the following Python code, whether it is a simple or compound comparison operand, you use only one symbol v to represent. And the same comparison operands must be represented by the same symbol. Please do not change other code.

Python code:
a > 1 and c.b is None and a < d + e < c.b[0] + d and d is not None and (c.func(x) or e.b[0] == 1) and d % e > 1

******ASSISTANT******

symbols:
v1: a
v2: 1
v3: c.b
v4: None
v5: d + e
v6: c.b[0] + d
v7: d
v8: c.func(x)
v9: e.b[0]
v10: d % e

New Python code: v1 > v2 and v3 is v4 and v1 < v5 < v6 and v7 is not v4 and (v8 or v9 == v2) and v10 > v2
","
For the following Python code, whether it is a simple or compound comparison operand, you use only one symbol v to represent. And the same comparison operands must be represented by the same symbol. Please do not change other code.

Python code:
mode == 'UPSAMPLE_MODE' and output_spatial_sizes[0] % shape[1] == 0 and (output_spatial_sizes[1] % shape[2] == 0)
"
SlowFast,/data1/zhangzejun/mnt/zejun/smp/data/python_star_2000repo/SlowFast/slowfast/utils/benchmark.py,https://github.com/facebookresearch/SlowFast/tree/master/slowfast/utils/benchmark.py,,benchmark_data_loading$20,"def benchmark_data_loading(cfg):
    """"""
    Benchmark the speed of data loading in PySlowFast.
    Args:

        cfg (CfgNode): configs. Details can be found in
            slowfast/config/defaults.py
    """"""
    # Set up environment.
    setup_environment()
    # Set random seed from configs.
    np.random.seed(cfg.RNG_SEED)
    torch.manual_seed(cfg.RNG_SEED)

    # Setup logging format.
    logging.setup_logging(cfg.OUTPUT_DIR)

    # Print config.
    logger.info(""Benchmark data loading with config:"")
    logger.info(pprint.pformat(cfg))

    timer = Timer()
    dataloader = loader.construct_loader(cfg, ""train"")
    logger.info(
        ""Initialize loader using {:.2f} seconds."".format(timer.seconds())
    )
    # Total batch size across different machines.
    batch_size = cfg.TRAIN.BATCH_SIZE * cfg.NUM_SHARDS
    log_period = cfg.BENCHMARK.LOG_PERIOD
    epoch_times = []
    # Test for a few epochs.
    for cur_epoch in range(cfg.BENCHMARK.NUM_EPOCHS):
        timer = Timer()
        timer_epoch = Timer()
        iter_times = []
        if cfg.BENCHMARK.SHUFFLE:
            loader.shuffle_dataset(dataloader, cur_epoch)
        for cur_iter, _ in enumerate(tqdm.tqdm(dataloader)):
            if cur_iter > 0 and cur_iter % log_period == 0:
                iter_times.append(timer.seconds())
                ram_usage, ram_total = misc.cpu_mem_usage()
                logger.info(
                    ""Epoch {}: {} iters ({} videos) in {:.2f} seconds. ""
                    ""RAM Usage: {:.2f}/{:.2f} GB."".format(
                        cur_epoch,
                        log_period,
                        log_period * batch_size,
                        iter_times[-1],
                        ram_usage,
                        ram_total,
                    )
                )
                timer.reset()
        epoch_times.append(timer_epoch.seconds())
        ram_usage, ram_total = misc.cpu_mem_usage()
        logger.info(
            ""Epoch {}: in total {} iters ({} videos) in {:.2f} seconds. ""
            ""RAM Usage: {:.2f}/{:.2f} GB."".format(
                cur_epoch,
                len(dataloader),
                len(dataloader) * batch_size,
                epoch_times[-1],
                ram_usage,
                ram_total,
            )
        )
        logger.info(
            ""Epoch {}: on average every {} iters ({} videos) take {:.2f}/{:.2f} ""
            ""(avg/std) seconds."".format(
                cur_epoch,
                log_period,
                log_period * batch_size,
                np.mean(iter_times),
                np.std(iter_times),
            )
        )
    logger.info(
        ""On average every epoch ({} videos) takes {:.2f}/{:.2f} ""
        ""(avg/std) seconds."".format(
            len(dataloader) * batch_size,
            np.mean(epoch_times),
            np.std(epoch_times),
        )
    )",cur_iter > 0 and cur_iter % log_period == 0,cur_iter > 0 == cur_iter % log_period,cur_iter > 0 and cur_iter % log_period == 0,"symbols:
v1: cur_iter
v2: 0
v3: log_period

New Python code: v1 > v2 and v1 % v3 == v2",0,v1 % v3 == v2 and v2 < v1,v1 % v3 == v2 < v1,len(err_msg) > 0 == rank,0,"
For the following Python code, whether it is a simple or compound comparison operand, you use only one symbol v to represent. And the same comparison operands must be represented by the same symbol. Please do not change other code.

Python code:
cur_iter > 0 and cur_iter % log_period == 0
",You are a helpful assistant.,"
For the following Python code, whether it is a simple or compound comparison operand, you use only one symbol v to represent. And the same comparison operands must be represented by the same symbol. Please do not change other code.

Python code:
a > 1 and c.b is None and a < d + e < c.b[0] + d and d is not None and (c.func(x) or e.b[0] == 1) and d % e > 1

******ASSISTANT******

symbols:
v1: a
v2: 1
v3: c.b
v4: None
v5: d + e
v6: c.b[0] + d
v7: d
v8: c.func(x)
v9: e.b[0]
v10: d % e

New Python code: v1 > v2 and v3 is v4 and v1 < v5 < v6 and v7 is not v4 and (v8 or v9 == v2) and v10 > v2
","
For the following Python code, whether it is a simple or compound comparison operand, you use only one symbol v to represent. And the same comparison operands must be represented by the same symbol. Please do not change other code.

Python code:
cur_iter > 0 and cur_iter % log_period == 0
"
python-diskcache,/data1/zhangzejun/mnt/zejun/smp/data/python_star_2000repo/python-diskcache/diskcache/core.py,https://github.com/grantjenks/python-diskcache/tree/master/diskcache/core.py,Cache,peek$1605,"def peek(
        self,
        prefix=None,
        default=(None, None),
        side='front',
        expire_time=False,
        tag=False,
        retry=False,
    ):
        """"""Peek at key and value item pair from `side` of queue in cache.

        When prefix is None, integer keys are used. Otherwise, string keys are
        used in the format ""prefix-integer"". Integer starts at 500 trillion.

        If queue is empty, return default.

        Defaults to peeking at key and value item pairs from front of queue.
        Set side to 'back' to pull from back of queue. Side must be one of
        'front' or 'back'.

        Expired items are deleted from cache. Operation is atomic. Concurrent
        operations will be serialized.

        Raises :exc:`Timeout` error when database timeout occurs and `retry` is
        `False` (default).

        See also `Cache.pull` and `Cache.push`.

        >>> cache = Cache()
        >>> for letter in 'abc':
        ...     print(cache.push(letter))
        500000000000000
        500000000000001
        500000000000002
        >>> key, value = cache.peek()
        >>> print(key)
        500000000000000
        >>> value
        'a'
        >>> key, value = cache.peek(side='back')
        >>> print(key)
        500000000000002
        >>> value
        'c'

        :param str prefix: key prefix (default None, key is integer)
        :param default: value to return if key is missing
            (default (None, None))
        :param str side: either 'front' or 'back' (default 'front')
        :param bool expire_time: if True, return expire_time in tuple
            (default False)
        :param bool tag: if True, return tag in tuple (default False)
        :param bool retry: retry if database timeout occurs (default False)
        :return: key and value item pair or default if queue is empty
        :raises Timeout: if database timeout occurs

        """"""
        # Caution: Nearly identical code exists in Cache.pull
        if prefix is None:
            min_key = 0
            max_key = 999999999999999
        else:
            min_key = prefix + '-000000000000000'
            max_key = prefix + '-999999999999999'

        order = {'front': 'ASC', 'back': 'DESC'}
        select = (
            'SELECT rowid, key, expire_time, tag, mode, filename, value'
            ' FROM Cache WHERE ? < key AND key < ? AND raw = 1'
            ' ORDER BY key %s LIMIT 1'
        ) % order[side]

        if expire_time and tag:
            default = default, None, None
        elif expire_time or tag:
            default = default, None

        while True:
            while True:
                with self._transact(retry) as (sql, cleanup):
                    rows = sql(select, (min_key, max_key)).fetchall()

                    if not rows:
                        return default

                    (
                        (rowid, key, db_expire, db_tag, mode, name, db_value),
                    ) = rows

                    if db_expire is not None and db_expire < time.time():
                        sql('DELETE FROM Cache WHERE rowid = ?', (rowid,))
                        cleanup(name)
                    else:
                        break

            try:
                value = self._disk.fetch(mode, name, db_value, False)
            except IOError:
                # Key was deleted before we could retrieve result.
                continue
            finally:
                if name is not None:
                    self._disk.remove(name)
            break

        if expire_time and tag:
            return (key, value), db_expire, db_tag
        elif expire_time:
            return (key, value), db_expire
        elif tag:
            return (key, value), db_tag
        else:
            return key, value",db_expire is not None and db_expire < time.time(),None is not db_expire < time.time(),db_expire is not None and db_expire < time.time(),"symbols:
v1: db_expire
v2: None
v3: time.time()

New Python code: v1 is not v2 and v1 < v3",0,v2 is not v1 and v1 < v3,v2 is not v1 < v3,Cannot be refactored by chain comparison,0,"
For the following Python code, whether it is a simple or compound comparison operand, you use only one symbol v to represent. And the same comparison operands must be represented by the same symbol. Please do not change other code.

Python code:
db_expire is not None and db_expire < time.time()
",You are a helpful assistant.,"
For the following Python code, whether it is a simple or compound comparison operand, you use only one symbol v to represent. And the same comparison operands must be represented by the same symbol. Please do not change other code.

Python code:
a > 1 and c.b is None and a < d + e < c.b[0] + d and d is not None and (c.func(x) or e.b[0] == 1) and d % e > 1

******ASSISTANT******

symbols:
v1: a
v2: 1
v3: c.b
v4: None
v5: d + e
v6: c.b[0] + d
v7: d
v8: c.func(x)
v9: e.b[0]
v10: d % e

New Python code: v1 > v2 and v3 is v4 and v1 < v5 < v6 and v7 is not v4 and (v8 or v9 == v2) and v10 > v2
","
For the following Python code, whether it is a simple or compound comparison operand, you use only one symbol v to represent. And the same comparison operands must be represented by the same symbol. Please do not change other code.

Python code:
db_expire is not None and db_expire < time.time()
"
python-bitcoinlib,/data1/zhangzejun/mnt/zejun/smp/data/python_star_2000repo/python-bitcoinlib/bitcoin/core/script.py,https://github.com/petertodd/python-bitcoinlib/tree/master/bitcoin/core/script.py,,IsLowDERSignature$868,"def IsLowDERSignature(sig):
    """"""
    Loosely correlates with IsLowDERSignature() from script/interpreter.cpp
    Verifies that the S value in a DER signature is the lowest possible value.
    Used by BIP62 malleability fixes.
    """"""
    length_r = sig[3]
    if isinstance(length_r, str):
        length_r = int(struct.unpack('B', length_r)[0])
    length_s = sig[5 + length_r]
    if isinstance(length_s, str):
        length_s = int(struct.unpack('B', length_s)[0])
    s_val = list(struct.unpack(str(length_s) + 'B', sig[6 + length_r:6 + length_r + length_s]))

    # If the S value is above the order of the curve divided by two, its
    # complement modulo the order could have been used instead, which is
    # one byte shorter when encoded correctly.
    max_mod_half_order = [
      0x7f,0xff,0xff,0xff,0xff,0xff,0xff,0xff,
      0xff,0xff,0xff,0xff,0xff,0xff,0xff,0xff,
      0x5d,0x57,0x6e,0x73,0x57,0xa4,0x50,0x1d,
      0xdf,0xe9,0x2f,0x46,0x68,0x1b,0x20,0xa0]

    return CompareBigEndian(s_val, [0]) > 0 and \
      CompareBigEndian(s_val, max_mod_half_order) <= 0","CompareBigEndian(s_val, [0]) > 0 and CompareBigEndian(s_val, max_mod_half_order) <= 0","CompareBigEndian(s_val, [0]) > 0 >= CompareBigEndian(s_val, max_mod_half_order)","CompareBigEndian(s_val, [0]) > 0 and CompareBigEndian(s_val, max_mod_half_order) <= 0","symbols:
v1: CompareBigEndian(s_val, [0])
v2: 0
v3: max_mod_half_order

New Python code: v1 > v2 and v1 <= CompareBigEndian(s_val, v3)",0,"v2 < v1 and v1 <= CompareBigEndian(s_val, v3)","v2 < v1 <= CompareBigEndian(s_val, v3)",Cannot be refactored by chain comparison,0,"
For the following Python code, whether it is a simple or compound comparison operand, you use only one symbol v to represent. And the same comparison operands must be represented by the same symbol. Please do not change other code.

Python code:
CompareBigEndian(s_val, [0]) > 0 and CompareBigEndian(s_val, max_mod_half_order) <= 0
",You are a helpful assistant.,"
For the following Python code, whether it is a simple or compound comparison operand, you use only one symbol v to represent. And the same comparison operands must be represented by the same symbol. Please do not change other code.

Python code:
a > 1 and c.b is None and a < d + e < c.b[0] + d and d is not None and (c.func(x) or e.b[0] == 1) and d % e > 1

******ASSISTANT******

symbols:
v1: a
v2: 1
v3: c.b
v4: None
v5: d + e
v6: c.b[0] + d
v7: d
v8: c.func(x)
v9: e.b[0]
v10: d % e

New Python code: v1 > v2 and v3 is v4 and v1 < v5 < v6 and v7 is not v4 and (v8 or v9 == v2) and v10 > v2
","
For the following Python code, whether it is a simple or compound comparison operand, you use only one symbol v to represent. And the same comparison operands must be represented by the same symbol. Please do not change other code.

Python code:
CompareBigEndian(s_val, [0]) > 0 and CompareBigEndian(s_val, max_mod_half_order) <= 0
"
autogluon,/data1/zhangzejun/mnt/zejun/smp/data/python_star_2000repo/autogluon/tabular/src/autogluon/tabular/predictor/predictor.py,https://github.com/awslabs/autogluon/tree/master/tabular/src/autogluon/tabular/predictor/predictor.py,TabularPredictor,_validate_hyperparameter_tune_kwargs$2837,"def _validate_hyperparameter_tune_kwargs(self, hyperparameter_tune_kwargs, time_limit=None):
        """"""
        Returns True if hyperparameter_tune_kwargs is None or can construct a valid scheduler.
        Returns False if hyperparameter_tune_kwargs results in an invalid scheduler.
        """"""
        if hyperparameter_tune_kwargs is None:
            return True

        scheduler_cls, scheduler_params = scheduler_factory(hyperparameter_tune_kwargs=hyperparameter_tune_kwargs,
                                                            time_out=time_limit,
                                                            nthreads_per_trial='auto', ngpus_per_trial='auto')

        if scheduler_params.get('dist_ip_addrs', None):
            logger.warning(
                'Warning: dist_ip_addrs does not currently work for Tabular. Distributed instances will not be utilized.')

        if scheduler_params['num_trials'] == 1:
            logger.warning(
                'Warning: Specified num_trials == 1 for hyperparameter tuning, disabling HPO. This can occur if time_limit was not specified in `fit()`.')
            return False

        scheduler_ngpus = scheduler_params['resource'].get('num_gpus', 0)
        if scheduler_ngpus is not None and isinstance(scheduler_ngpus, int) and scheduler_ngpus > 1:
            logger.warning(
                f""Warning: TabularPredictor currently doesn't use >1 GPU per training run. Detected {scheduler_ngpus} GPUs."")

        return True","scheduler_ngpus is not None and isinstance(scheduler_ngpus, int) and (scheduler_ngpus > 1)","None is not scheduler_ngpus > 1 and isinstance(scheduler_ngpus, int)","scheduler_ngpus is not None and isinstance(scheduler_ngpus, int) and (scheduler_ngpus > 1)","symbols:
v1: scheduler_ngpus
v2: None
v3: int
v4: 1

New Python code: v1 is not v2 and isinstance(v1, v3) and (v1 > v4)",0,v2 is not v1 and v1 > v4,"v2 is not v1 > v4 and isinstance(v1, v3)",rotate_z is not None is not rotate_y,0,"
For the following Python code, whether it is a simple or compound comparison operand, you use only one symbol v to represent. And the same comparison operands must be represented by the same symbol. Please do not change other code.

Python code:
scheduler_ngpus is not None and isinstance(scheduler_ngpus, int) and (scheduler_ngpus > 1)
",You are a helpful assistant.,"
For the following Python code, whether it is a simple or compound comparison operand, you use only one symbol v to represent. And the same comparison operands must be represented by the same symbol. Please do not change other code.

Python code:
a > 1 and c.b is None and a < d + e < c.b[0] + d and d is not None and (c.func(x) or e.b[0] == 1) and d % e > 1

******ASSISTANT******

symbols:
v1: a
v2: 1
v3: c.b
v4: None
v5: d + e
v6: c.b[0] + d
v7: d
v8: c.func(x)
v9: e.b[0]
v10: d % e

New Python code: v1 > v2 and v3 is v4 and v1 < v5 < v6 and v7 is not v4 and (v8 or v9 == v2) and v10 > v2
","
For the following Python code, whether it is a simple or compound comparison operand, you use only one symbol v to represent. And the same comparison operands must be represented by the same symbol. Please do not change other code.

Python code:
scheduler_ngpus is not None and isinstance(scheduler_ngpus, int) and (scheduler_ngpus > 1)
"
,,,,,,,,,,,,,,13,,,,
